p5w-2024,品牌传播,全景财经短视频,原创短视频-全景直击,
p5w-2024,品牌传播,全景财经短视频,原创短视频-Boss60秒,
p5w-2024,品牌传播,全景财经短视频,原创短视频-全景新股秀,
p5w-2024,品牌传播,全景财经短视频,原创短视频-业绩有得秀,
p5w-2024,品牌传播,全景调研,全景云调研,
p5w-2024,品牌传播,专题制作,全景i专题-通用版,
p5w-2024,品牌传播,专题制作,全景i专题-定制版,
p5w-2024,品牌传播,原创深度稿件,原创深度稿件-IPO黄金眼,
p5w-2024,品牌传播,原创深度稿件,原创深度稿件-业绩有得秀,
p5w-2024,品牌传播,原创深度稿件,原创深度稿件-公司百分百,
p5w-2024,品牌传播,原创深度稿件,原创深度稿件-解读新三板,
p5w-2024,品牌传播,全景访谈,约见资本人,
p5w-2024,品牌传播,渠道传播,全景网官网广告,
p5w-2024,品牌传播,渠道传播,全景网微博,
p5w-2024,品牌传播,渠道传播,全景财经公众号,
p5w-2024,品牌传播,渠道传播,全景短视频官网发布,
p5w-2024,品牌传播,渠道传播,全景短视频融媒体发布,
p5w-2024,品牌传播,渠道传播,融媒体矩阵推拉流直播,
p5w-2024,品牌传播,渠道传播,融媒体直播短视频剪辑,
p5w-2024,品牌传播,渠道传播,融媒体直播快讯,
p5w-2024,品牌传播,渠道传播,网站资讯,
p5w-2024,品牌传播,全景价值服务,价值发现-梳理报告及宣传方案,
p5w-2024,品牌传播,全景财经直播,全景财经直播,
p5w-2024,路演产品,网上路演,网上路演-IPO,
p5w-2024,路演产品,网上路演,网上路演-深度解析版,
p5w-2024,路演产品,网上路演,网上路演-双语定制版,
p5w-2024,路演产品,网上路演,网上路演-再融资,
p5w-2024,路演产品,网上路演,视频招股书,
p5w-2024,路演产品,网上路演,网下询价重点问题录制,
p5w-2024,路演产品,网上路演,网下询价分身视频录制,
p5w-2024,路演产品,网上路演,路演厅租赁服务,
p5w-2024,路演产品,网上路演,机构询价路演,
p5w-2024,路演产品,IPO视频宣传,IPO配套短视频-上市速览,
p5w-2024,路演产品,IPO视频宣传,IPO配套短视频-我在现场,
p5w-2024,路演产品,IPO视频宣传,IPO配套短视频-看懂IPO,
p5w-2024,路演产品,IPO视频宣传,IPO配套短视频-主播说新股,
p5w-2024,路演产品,活动直播,重大活动直播-上市仪式,
p5w-2024,路演产品,活动直播,重大活动直播-上市仪式（北交所）,
p5w-2024,路演产品,活动直播,重大活动直播-单机位标准版,
p5w-2024,路演产品,活动直播,重大活动直播-多机位标准版,
p5w-2024,路演产品,活动直播,重大活动直播-多机位高级版,
p5w-2024,路演产品,活动直播,业绩说明会直播-全景路演厅录播/直播,
p5w-2024,路演产品,活动直播,业绩说明会直播-企业指定场地录播/直播,
p5w-2024,路演产品,活动直播,业绩说明会直播-远程互动连线（线上会议系统）,
p5w-2024,路演产品,活动直播,业绩说明会直播-远程专线互联,
p5w-2024,路演产品,活动直播,增值服务-双语同声传译,
p5w-2024,路演产品,活动直播,增值服务-出镜嘉宾形象照（仅限深圳、北京全景路演厅）,
p5w-2024,路演产品,活动直播,增值服务-外派主持人,
p5w-2024,路演产品,活动直播,增值服务-彩排（远程线上会议系统连线）,
p5w-2024,路演产品,活动直播,增值服务-彩排（其他）,
p5w-2024,路演产品,活动直播,相册制作,
p5w-2024,路演产品,活动直播,线上会议系统直播,
p5w-2024,路演产品,活动直播,全景云互动,
p5w-2024,路演产品,活动直播,活动录制（原线上授课录制）,
p5w-2024,路演产品,活动直播,全景云敲钟-互动版,
p5w-2024,路演产品,活动直播,全景云敲钟-录制版,
p5w-2024,路演产品,活动直播,专线视频直播,
p5w-2024,路演产品,活动直播,活动摄影、摄像服务外派（不含直播）,
p5w-2024,路演产品,活动直播,全景云图立享,
p5w-2024,路演产品,活动直播,虚拟场景定制服务,
p5w-2024,路演产品,短视频迅剪,短视频迅剪-上市仪式（荣耀时刻）,
p5w-2024,路演产品,短视频迅剪,短视频迅剪-上市仪式（祝福寄语/瞬间传送/盛典回顾）,
p5w-2024,路演产品,短视频迅剪,短视频迅剪-业绩发布会或其他活动,
p5w-2024,路演产品,短视频迅剪,财报可视化视频-动态特效（AE）版,
p5w-2024,路演产品,短视频迅剪,财报可视化视频-企业素材混剪版,
p5w-2024,路演产品,企业宣传片,企业宣传片,
p5w-2024,路演产品,机构邀约,机构邀约,
p5w-2024,路演产品,设计开发,新路演厅开通及嵌入官网服务（无全景LOGO）,
p5w-2024,路演产品,设计开发,一图看懂财报/IPO/再融资-标准版,
p5w-2024,路演产品,设计开发,一图看懂财报/IPO/再融资-动图版,
p5w-2024,路演产品,设计开发,财报H5专题页面专业设计开发,
p5w-2024,投关产品,投资者交流,投资者互动交流-基础版,
p5w-2024,投关产品,投资者交流,投资者互动交流-PLUS标准版,
p5w-2024,投关产品,投资者交流,投资者互动交流-PLUS定制版,
p5w-2024,投关产品,投资者交流,投资者关系管理微信端,
p5w-2024,投关产品,投资者交流,全景i回馈,
p5w-2024,投关产品,全景商学院,全景商学院-定制化培训,
p5w-2024,投关产品,全景商学院,全景商学院-上市公司专题培训班,
p5w-2024,投关产品,投关工具,电子签工具,
p5w-2024,投关产品,投关工具,三会管理工具,
p5w-2024,投关产品,投关工具,机构交流会工具,
p5w-2024,投关产品,财报可视化,财报可视化H5-高级定制版,
p5w-2024,投关产品,财报可视化,财报可视化H5-普通版,
p5w-2024,投关产品,财报可视化,财报可视化-视频版,
p5w-2024,投关产品,财报可视化,财报可视化-PPT,
p5w-2024,投关产品,财报对比,同行业财报数据对比,
p5w-2024,投关产品,股东分析,股东分析工具,
p5w-2024,数据产品,预警服务,敏感信息预警,
p5w-2024,数据产品,视窗系统服务,全景视窗APP,
p5w-2024,数据产品,视窗系统服务,全景视窗PC版-企业版,
p5w-2024,数据产品,视窗系统服务,全景视窗PC版-机构版,
p5w-2024,数据产品,视窗系统服务,全景视窗PC版-监管版,
p5w-2024,数据产品,接口服务,数据接口,
p5w-2024,数据产品,常规报告服务,基础数据报告-日报,
p5w-2024,数据产品,常规报告服务,基础数据报告-周报,
p5w-2024,数据产品,常规报告服务,基础数据报告-月报,
p5w-2024,数据产品,常规报告服务,基础数据报告-季报,
p5w-2024,数据产品,常规报告服务,基础数据报告-投资者关系月报,
p5w-2024,数据产品,常规报告服务,定制化报告-日报,
p5w-2024,数据产品,常规报告服务,定制化报告-周报,
p5w-2024,数据产品,常规报告服务,定制化报告-月报,
p5w-2024,数据产品,常规报告服务,定制化报告-季报,
p5w-2024,数据产品,常规报告服务,定制化报告-半年报,
p5w-2024,数据产品,常规报告服务,定制化报告-年报,
p5w-2024,数据产品,常规报告服务,科创板行业情报-日报,
p5w-2024,数据产品,常规报告服务,科创板行业情报-周报,
p5w-2024,数据产品,常规报告服务,科创板行业情报-月报,
p5w-2024,数据产品,专项报告,事件分析报告,
p5w-2024,数据产品,专项报告,传播分析报告,
p5w-2024,数据产品,专项报告,证券市场报告,
p5w-2024,数据产品,专项报告,公司舆论焦点总结报告,
p5w-2024,数据产品,专项报告,机构焦点及声誉风险报告,
p5w-2024,信披,信息披露,证券时报年度信息披露,
p5w-2024,ESG,ESG报告,ESG信息披露报告编制,
p5w-2024,ESG,ESG报告,ESG报告英文翻译与校核,
